Player,Team,POS,ADP,FPTS,PosRank,Rank
Anthony McFarland Jr.,PIT,RB,405.5,24.7,115,422.0
Jeff Driskel,ARI,QB,,-1.3,,
Michael Carter,NYJ,RB,267.5,33.8,84,276.0
Sean Clifford,GB,QB,446.0,22.2,66,486.0
Austin Ekeler,LAC,RB,5.0,229.1,2,5.0
Kevin Harris,NE,RB,,20.2,,
Joe Mixon,CIN,RB,37.0,189.6,13,38.0
Jalen Richard,,RB,353.0,,108,400.0
Tyler Davis,GB,TE,,6.7,,
Cleveland Browns,DST,DST,223.0,107.3,18,303.0
Nick Chubb,CLE,RB,11.3,226.4,4,10.0
Phillip Dorsett II,DEN,WR,,11.4,,
Tyrod Taylor,NYG,QB,369.0,24.9,56,420.0
Isaiah McKenzie,IND,WR,337.0,52.4,130,351.0
Owen Wright,BAL,RB,,25.9,,
Tyquan Thornton,NE,WR,261.0,46.3,104,251.0
Quintin Morris,BUF,TE,,11.3,,
Sandro Platzgummer,,RB,359.0,,110,408.0
Ihmir Smith-Marsette,CAR,WR,392.0,9.3,162,443.0
Miles Boykin,PIT,WR,,5.5,,
Marcedes Lewis,CHI,TE,,12.9,,
Dareke Young,SEA,WR,,10.9,,
Los Angeles Chargers,DST,DST,219.0,104.1,16,301.0
D'Andre Swift,PHI,RB,77.5,126.4,27,77.0
Pierre Strong Jr.,CLE,RB,262.7,35.1,79,252.0
Gary Brightwell,NYG,RB,,20.0,,
Ezekiel Elliott,NE,RB,145.5,96.7,49,147.0
Travis Homer,CHI,RB,,18.8,,
CeeDee Lamb,DAL,WR,11.0,185.5,5,9.0
Malik Cunningham,NE,QB,384.0,-1.5,58,435.0
Rashid Shaheed,NO,WR,188.3,72.2,76,183.0
Miami Dolphins,DST,DST,205.0,106.5,11,290.0
Greg Dortch,ARI,WR,284.0,48.4,110,265.0
Brycen Hopkins,LAR,TE,417.0,15.7,79,464.0
Brett Rypien,LAR,QB,,17.2,,
John Bates,WAS,TE,,15.7,,
Tyler Scott,CHI,WR,317.0,14.0,135,363.0
DeVonta Smith,PHI,WR,23.5,143.2,13,24.0
Marvin Mims Jr.,DEN,WR,144.0,84.7,60,144.0
Zack Kuntz,NYJ,TE,293.0,10.7,50,344.0
Tyler Bass,BUF,K,,124.8,,
Case Keenum,HOU,QB,,9.8,,
Darrell Daniels,DET,TE,,4.2,,
Jordan Addison,MIN,WR,79.0,111.3,37,80.0
Greg Dulcich,DEN,TE,159.3,78.6,19,160.0
Marvin Jones Jr.,DET,WR,252.0,68.3,101,243.0
Anthony Richardson,IND,QB,104.8,274.0,14,104.0
Tyler Huntley,BAL,QB,426.0,21.9,59,471.0
Nick Westbrook-Ikhine,TEN,WR,320.0,53.2,122,323.0
Matt Gay,IND,K,,112.5,,
Romeo Doubs,GB,WR,114.5,90.1,51,114.0
Houston Texans,DST,DST,280.0,103.3,27,333.0
Henry Ruggs III,,WR,397.0,,165,447.0
Mason Rudolph,PIT,QB,,3.8,,
Nathan Peterman,CHI,QB,,1.9,,
Patrick Mahomes II,KC,QB,19.0,384.3,1,18.0
Olamide Zaccheaus,PHI,WR,289.0,33.2,127,340.0
George Pickens,PIT,WR,65.8,121.2,31,66.0
Blaine Gabbert,KC,QB,389.0,19.9,49,389.0
Dee Eskridge,SEA,WR,,15.6,,
Jakob Johnson,LV,RB,,4.7,,
Kirk Merritt,NO,WR,463.0,9.5,182,500.0
Austin Hooper,LV,TE,303.0,42.1,46,311.0
Michael Pittman Jr.,IND,WR,74.0,114.8,34,72.0
Samori Toure,GB,WR,344.0,23.5,141,391.0
Dontayvion Wicks,GB,WR,370.0,23.2,153,421.0
KaVontae Turpin,DAL,WR,445.0,10.7,177,485.0
Laviska Shenault Jr.,CAR,WR,323.0,42.6,125,329.0
Greg Ward,PHI,WR,,3.9,,
Isaiah Spiller,LAC,RB,254.3,38.7,77,245.0
Stetson Bennett,LAR,QB,349.0,27.0,52,394.0
Anders Carlson,GB,K,,106.8,,
Darren Waller,NYG,TE,56.0,112.5,4,54.0
Rashee Rice,KC,WR,159.0,65.7,66,158.0
Clyde Edwards-Helaire,KC,RB,196.8,63.3,64,198.0
Demarcus Robinson,LAR,WR,404.0,26.3,168,453.0
Jason Brownlee,NYJ,WR,351.0,15.6,142,397.0
Cooper Kupp,LAR,WR,13.0,183.2,7,13.0
Deebo Samuel,SF,WR,35.0,150.6,17,34.0
James Robinson,,RB,354.5,,99,359.0
Teddy Bridgewater,DET,QB,434.0,19.3,61,477.0
Royce Freeman,LAR,RB,,9.4,,
Collin Johnson,,WR,391.0,,161,442.0
Daniel Jones,NYG,QB,97.3,300.0,12,97.0
Mike Evans,TB,WR,74.0,135.3,35,73.0
Antonio Brown,,WR,461.0,,181,498.0
Ben Mason,BAL,RB,,0.2,,
Elijah Moore,CLE,WR,100.5,83.6,44,99.0
Erik Krommenhoek,,TE,387.0,,72,438.0
Trevon Wesco,TEN,TE,,15.2,,
Robbie Chosen,MIA,WR,,20.6,,
John Metchie III,HOU,WR,224.0,63.9,91,224.0
Dalton Kincaid,BUF,TE,121.8,75.8,11,121.0
Brenton Strange,JAC,TE,407.0,26.4,77,455.0
Latavius Murray,BUF,RB,256.3,45.7,78,248.0
New York Jets,DST,DST,181.0,103.4,6,283.0
Seattle Seahawks,DST,DST,226.0,103.2,19,307.0
Charlie Taumoepeau,,TE,338.0,,61,384.0
Zach Wilson,NYJ,QB,397.5,18.8,55,416.0
Josh Oliver,MIN,TE,309.0,23.0,53,358.0
Mark Andrews,BAL,TE,29.0,129.5,2,28.0
Jahan Dotson,WAS,WR,71.3,122.9,33,70.0
Travis Etienne Jr.,JAC,RB,35.5,176.9,12,35.0
Tavien Feaster,,RB,454.0,,130,494.0
DJ Moore,CHI,WR,41.8,138.7,20,39.0
Braxton Berrios,MIA,WR,298.3,42.3,115,274.0
Blake Grupe,NO,K,,107.7,,
Montrell Washington,KC,WR,,5.9,,
Evan McPherson,CIN,K,,122.0,,
Jamal Agnew,JAC,WR,297.0,32.3,128,348.0
Graham Gano,NYG,K,,116.6,,
Rakim Jarrett,TB,WR,,23.6,,
Kyle Juszczyk,SF,RB,385.0,20.1,116,436.0
Greg Zuerlein,NYJ,K,,117.5,,
Stephen Sullivan,CAR,TE,,13.6,,
JaMycal Hasty,JAC,RB,412.0,35.6,123,459.0
Lance McCutcheon,HOU,WR,401.0,5.2,166,450.0
Kenyan Drake,,RB,360.5,,105,376.0
Deon Jackson,IND,RB,185.3,60.3,58,178.0
Jalen Hurts,PHI,QB,22.5,378.7,2,23.0
Kenneth Gainwell,PHI,RB,136.5,85.9,47,135.0
Craig Reynolds,DET,RB,367.0,33.5,114,419.0
La'Mical Perine,KC,RB,360.0,0.0,111,410.0
Alex Erickson,LAC,WR,,0.0,,
Greg Joseph,MIN,K,,120.8,,
Hayden Hurst,CAR,TE,196.5,59.7,26,196.0
Sam LaPorta,DET,TE,139.8,69.4,14,139.0
Salvon Ahmed,MIA,RB,292.7,25.3,83,272.0
Chuba Hubbard,CAR,RB,175.0,88.9,54,173.0
Tyler Allgeier,ATL,RB,137.3,101.0,48,138.0
Las Vegas Raiders,DST,DST,331.0,88.4,31,378.0
Malik Willis,TEN,QB,377.0,36.7,57,429.0
Jalen Guyton,LAC,WR,430.0,8.9,175,474.0
Henry Pearson,GB,RB,,4.9,,
Darrynton Evans,MIA,RB,,2.3,,
Tyler Mabry,SEA,TE,,1.3,,
Justin Fields,CHI,QB,43.3,330.9,6,41.0
Scott Miller,ATL,WR,336.5,12.9,129,349.0
Zack Moss,IND,RB,205.0,75.0,65,202.0
Kyle Allen,BUF,QB,438.0,13.8,64,480.0
Marquise Goodwin,CLE,WR,372.0,29.8,154,424.0
Detroit Lions,DST,DST,248.0,103.6,22,317.0
Robert Tonyan,CHI,TE,323.0,28.7,47,327.0
Donald Parham Jr.,LAC,TE,357.5,31.0,62,386.0
Tua Tagovailoa,MIA,QB,93.3,282.1,10,91.0
Justin Shorter,BUF,WR,415.0,10.6,171,462.0
Luke Musgrave,GB,TE,168.8,55.1,20,166.0
Odell Beckham Jr.,BAL,WR,115.3,96.9,52,116.0
James Mitchell,DET,TE,,14.8,,
Chicago Bears,DST,DST,296.0,92.5,30,347.0
Cedrick Wilson Jr.,MIA,WR,300.0,38.0,131,352.0
Brandon Johnson,DEN,WR,373.0,16.6,155,426.0
Juwan Johnson,NO,TE,143.5,74.7,15,142.0
Denzel Mims,,WR,327.0,,137,372.0
Jeremy Ruckert,NYJ,TE,402.5,12.5,66,412.0
Cade York,TEN,K,,0.0,,
Alvin Kamara,NO,RB,79.3,138.5,29,81.0
Roschon Johnson,CHI,RB,147.8,56.7,50,149.0
Keith Smith,ATL,RB,399.0,3.2,119,448.0
Brandon Allen,SF,QB,,9.8,,
Khari Blasingame,CHI,RB,,2.7,,
Jayden Reed,GB,WR,173.3,81.4,72,171.0
Dare Ogunbowale,HOU,RB,,21.3,,
Pharaoh Brown,NE,TE,,3.1,,
Alec Ingold,MIA,RB,,12.2,,
Lil'Jordan Humphrey,DEN,WR,331.0,2.3,138,379.0
Jameson Williams,DET,WR,140.3,77.4,58,140.0
Chase Claypool,CHI,WR,218.0,69.1,86,215.0
Jonnu Smith,ATL,TE,329.5,28.5,48,336.0
Jhamon Ausbon,,WR,357.0,,147,406.0
J'Mon Moore,,WR,358.0,,148,407.0
Jake Moody,SF,K,,117.0,,
Michael Woods II,CLE,WR,,4.9,,
Zach Evans,LAR,RB,280.0,37.7,81,261.0
Tommy Tremble,CAR,TE,429.0,22.6,82,473.0
Jaden Walley,,WR,352.0,,143,399.0
Eddy Pineiro,CAR,K,,109.1,,
J.K. Dobbins,BAL,RB,58.3,161.6,19,59.0
Terry McLaurin,WAS,WR,56.5,132.3,27,56.0
Tyrion Davis-Price,SF,RB,338.5,23.2,97,353.0
Joshua Palmer,LAC,WR,195.8,63.1,78,193.0
Andre Baccellia,ARI,WR,,3.5,,
Parker Hesse,ATL,TE,,4.0,,
Jahmyr Gibbs,DET,RB,32.5,163.7,10,31.0
Kalif Raymond,DET,WR,294.3,36.5,114,273.0
DeWayne McBride,MIN,RB,303.5,20.2,90,312.0
Dameon Pierce,HOU,RB,50.3,168.4,17,50.0
Gus Edwards,BAL,RB,189.3,82.1,59,184.0
David Wells,TB,TE,,8.0,,
Treylon Burks,TEN,WR,103.8,108.2,46,103.0
Tanner Taula,TB,TE,,4.2,,
Michael Thomas,NO,WR,102.5,104.1,45,101.0
Damien Harris,BUF,RB,134.5,89.0,46,133.0
Charlie Kolar,BAL,TE,,15.9,,
Matt Sokol,NE,TE,,7.1,,
Jake Browning,CIN,QB,436.0,11.1,63,479.0
Chase Edmonds,TB,RB,247.5,62.4,74,231.0
Kadarius Toney,KC,WR,109.0,88.5,48,109.0
Trayveon Williams,CIN,RB,302.5,35.3,89,309.0
Mitch Trubisky,PIT,QB,,23.0,,
Jake Hausmann,,TE,456.0,,86,495.0
Darius Slayton,NYG,WR,205.5,70.2,81,203.0
Kyler Murray,ARI,QB,186.3,206.3,26,180.0
Jesper Horsted,LV,TE,335.0,9.9,60,382.0
Drew Sample,CIN,TE,,12.1,,
Master Teague,,RB,362.0,,112,413.0
DeAndre Hopkins,TEN,WR,47.3,128.1,22,46.0
Jason Myers,SEA,K,,120.8,,
Nico Collins,HOU,WR,127.8,99.0,53,125.0
Cedric Tillman,CLE,WR,250.0,36.4,99,241.0
Chase Brown,CIN,RB,231.3,45.4,71,228.0
D.J. Montgomery,IND,WR,396.0,3.5,164,446.0
James Conner,ARI,RB,77.5,167.2,26,75.0
Taylor Heinicke,ATL,QB,334.5,43.4,44,345.0
Josh Jacobs,LV,RB,22.5,216.1,8,22.0
Trey Palmer,TB,WR,272.3,44.8,106,257.0
Tampa Bay Buccaneers,DST,DST,243.0,101.0,21,316.0
Diontae Johnson,PIT,WR,58.0,120.0,28,57.0
Cincinnati Bengals,DST,DST,217.0,98.4,15,300.0
David Bell,CLE,WR,423.0,18.7,173,468.0
Hunter Renfrow,LV,WR,204.5,79.4,80,201.0
Xavier Gipson,NYJ,WR,451.0,3.6,180,491.0
Van Jefferson,LAR,WR,154.3,85.3,63,153.0
Matthew Slater,NE,WR,,7.5,,
Lujuan Winningham,,WR,402.0,,167,451.0
Josh Whyle,TEN,TE,,17.3,,
Jamaal Williams,NO,RB,115.3,121.7,39,115.0
Daniel Carlson,LV,K,,124.7,,
Hunter Henry,NE,TE,191.5,67.5,24,187.0
Jake Ferguson,DAL,TE,169.8,56.9,21,168.0
Nick Mullens,MIN,QB,435.0,18.7,62,478.0
Bo Melton,GB,WR,,3.2,,
Tanner McKee,PHI,QB,,5.2,,
John Wolford,TB,QB,,1.8,,
Tony Pollard,DAL,RB,15.5,218.3,6,16.0
Jordan Akins,CLE,TE,304.0,25.6,52,355.0
David Blough,DET,QB,,7.3,,
Calvin Austin III,PIT,WR,252.0,25.1,100,242.0
Christian McCaffrey,SF,RB,2.8,235.9,1,3.0
Carolina Panthers,DST,DST,259.0,98.0,24,320.0
Nate Adkins,DEN,TE,,9.6,,
Wil Lutz,DEN,K,,111.0,,
Pat Freiermuth,PIT,TE,101.0,88.3,9,100.0
Racey McMath,IND,WR,,2.4,,
Andy Dalton,CAR,QB,,22.6,,
Jacoby Brissett,WAS,QB,333.0,61.4,43,342.0
Jaren Hall,MIN,QB,,3.5,,
Chris Conley,SF,WR,,3.7,,
Charlie Woerner,SF,TE,,8.4,,
Mike Gesicki,NE,TE,211.8,58.9,28,209.0
Harrison Bryant,CLE,TE,431.0,24.6,83,475.0
Drake London,ATL,WR,50.5,123.1,24,51.0
Zay Flowers,BAL,WR,90.3,104.8,42,90.0
Ameer Abdullah,LV,RB,410.0,29.1,121,457.0
Cairo Santos,CHI,K,,115.0,,
Temarrick Hemingway,,TE,328.0,,57,375.0
Curtis Samuel,WAS,WR,187.5,85.9,75,181.0
Dallas Goedert,PHI,TE,77.5,97.4,7,76.0
Eric Saubert,MIA,TE,,13.3,,
Luke Farrell,JAC,TE,458.0,10.7,87,496.0
DeAndre Carter,LV,WR,308.0,18.0,133,357.0
Robert Woods,HOU,WR,220.5,69.9,87,219.0
Jalen Brooks,DAL,WR,,3.1,,
Zach Charbonnet,SEA,RB,107.0,96.0,36,106.0
Sam Howell,WAS,QB,157.0,224.9,23,155.0
Andrew Beck,HOU,TE,,9.4,,
Tank Bigsby,JAC,RB,123.0,77.2,42,122.0
Devin Duvernay,BAL,WR,323.0,22.1,124,328.0
Puka Nacua,LAR,WR,228.0,35.7,92,234.0
Laquon Treadwell,BAL,WR,,0.6,,
Austin Watkins Jr.,CLE,WR,449.0,0.0,179,489.0
Nakia Griffin-Stewart,,TE,464.0,,88,501.0
Kenny Yeboah,NYJ,TE,,7.5,,
DeeJay Dallas,SEA,RB,413.0,26.4,124,460.0
D'Onta Foreman,CHI,RB,177.5,86.3,55,174.0
Tevin Jones,,WR,314.0,,134,361.0
Kene Nwangwu,MIN,RB,425.0,12.5,125,470.0
Christian Kirk,JAC,WR,56.3,129.6,26,55.0
Washington Commanders,DST,DST,216.0,105.2,14,299.0
Damarea Crockett,,RB,459.0,,131,497.0
Joey Slye,WAS,K,,103.3,,
Tyree Jackson,NYG,TE,,3.1,,
Jake Funk,IND,RB,,1.0,,
Richie James Jr.,KC,WR,210.3,37.4,83,207.0
Elijah Mitchell,SF,RB,129.8,99.1,45,128.0
Mecole Hardman Jr.,NYJ,WR,220.8,79.1,88,220.0
Equanimeous St. Brown,CHI,WR,,16.8,,
Philadelphia Eagles,DST,DST,168.0,114.4,3,279.0
Raheem Mostert,MIA,RB,123.3,126.1,44,124.0
Zach Pascal,ARI,WR,419.0,27.9,172,466.0
Clayton Tune,ARI,QB,301.0,26.0,37,308.0
Malik Heath,GB,WR,,14.7,,
MyCole Pruitt,ATL,TE,,8.4,,
Derek Carr,NO,QB,137.3,256.0,20,137.0
Snoop Conner,JAC,RB,,12.9,,
Tim Jones,JAC,WR,,6.7,,
Marquise Brown,ARI,WR,81.5,119.1,38,83.0
Riley Patterson,DET,K,,115.0,,
Jerome Ford,CLE,RB,190.8,61.1,60,186.0
Tyreek Hill,MIA,WR,4.5,196.6,3,4.0
Mac Jones,NE,QB,201.0,234.2,30,199.0
Michael Mayer,LV,TE,208.3,53.0,27,206.0
Demario Douglas,NE,WR,284.7,37.4,111,266.0
Brian Hoyer,LV,QB,,44.9,,
C.J. Uzomah,NYJ,TE,298.0,28.8,51,350.0
Dax Milne,WAS,WR,,8.5,,
David Njoku,CLE,TE,108.8,84.4,10,108.0
Will Dissly,SEA,TE,418.0,29.0,80,465.0
Adam Trautman,DEN,TE,270.0,30.5,38,255.0
Desmond Ridder,ATL,QB,203.8,199.8,31,200.0
Ronnie Bell,SF,WR,379.0,14.1,158,431.0
Joshua Dobbs,ARI,QB,292.0,87.4,36,294.0
Feleipe Franks,ATL,QB,,4.2,,
Cade Brewer,,TE,386.0,,71,437.0
Raheem Blackshear,CAR,RB,319.0,30.7,102,366.0
Harrison Butker,KC,K,,125.6,,
Curtis Hodges,WAS,TE,,8.2,,
Skyy Moore,KC,WR,93.5,96.6,43,92.0
Cole Beasley,NYG,WR,,6.2,,
Saquon Barkley,NYG,RB,12.3,211.1,5,12.0
Matthew Stafford,LAR,QB,159.3,247.1,24,159.0
Jody Fortson,KC,TE,,10.8,,
Mitchell Wilcox,CIN,TE,,11.2,,
Kareem Hunt,,RB,183.5,,57,177.0
Brandon Aubrey,DAL,K,,112.5,,
A.T. Perry,NO,WR,281.0,15.8,108,262.0
Daniel Bellinger,NYG,TE,275.3,20.0,40,259.0
Davis Mills,HOU,QB,352.0,26.4,53,398.0
De'Von Achane,MIA,RB,123.3,82.8,43,123.0
Matt Breida,NYG,RB,289.0,41.3,85,289.0
Justice Hill,BAL,RB,272.0,21.1,80,256.0
Rondale Moore,ARI,WR,158.3,86.6,64,156.0
Chad Ryland,NE,K,,104.6,,
Deuce Vaughn,DAL,RB,194.0,54.4,61,191.0
Kyren Williams,LAR,RB,208.3,65.3,66,205.0
John Kelly Jr.,,RB,332.0,,106,381.0
N'Keal Harry,MIN,WR,,3.7,,
Zay Jones,JAC,WR,136.8,92.0,57,136.0
Maurice Alexander,DET,WR,,8.9,,
Nick Muse,MIN,TE,453.0,4.2,85,493.0
Cooper Rush,DAL,QB,439.0,16.5,65,481.0
Breece Hall,NYJ,RB,46.5,158.4,14,44.0
Alec Pierce,IND,WR,170.5,76.4,71,169.0
Trenton Irwin,CIN,WR,332.0,25.0,126,339.0
Tre Tucker,LV,WR,363.0,16.0,150,415.0
Nelson Agholor,BAL,WR,304.0,15.1,120,313.0
Chris Godwin,TB,WR,59.8,122.6,29,62.0
Elijah Higgins,ARI,TE,,16.7,,
Carson Wentz,,QB,450.0,,67,490.0
Foster Moreau,NO,TE,396.0,29.7,68,425.0
Hendon Hooker,DET,QB,,9.5,,
Xavier Hutchinson,HOU,WR,307.0,28.9,132,356.0
Green Bay Packers,DST,DST,222.0,104.2,17,302.0
Dallas Cowboys,DST,DST,167.0,114.5,2,278.0
Sean Tucker,TB,RB,216.3,37.6,75,233.0
DJ Chark Jr.,CAR,WR,182.3,94.9,73,176.0
Rashod Bateman,BAL,WR,112.8,79.1,49,112.0
Russell Wilson,DEN,QB,128.3,282.5,18,126.0
C.J. Beathard,JAC,QB,,18.2,,
Todd Gurley II,,RB,313.0,,100,360.0
Trent Taylor,CHI,WR,,3.4,,
Kylen Granson,IND,TE,290.0,30.3,49,341.0
Bryce Young,CAR,QB,174.5,237.7,25,172.0
Deneric Prince,KC,RB,371.0,15.2,93,337.0
Chris Olave,NO,WR,21.3,150.3,12,21.0
Malik Davis,DAL,RB,320.5,22.5,92,325.0
Amon-Ra St. Brown,DET,WR,13.8,161.3,8,14.0
Ty Johnson,BUF,RB,,13.0,,
Payne Durham,TB,TE,,14.7,,
Kenneth Walker III,SEA,RB,47.5,174.3,16,47.0
Parris Campbell,NYG,WR,193.0,60.8,77,189.0
Irvin Charles,NYJ,WR,,3.6,,
Peyton Hendershot,DAL,TE,389.5,18.1,67,423.0
Corey Clement,ARI,RB,447.0,20.6,128,487.0
Mo Alie-Cox,IND,TE,373.5,28.1,56,371.0
Danny Gray,SF,WR,,5.5,,
Tanner Conner,MIA,WR,,3.6,,
Quentin Johnston,LAC,WR,105.3,88.9,47,105.0
PJ Walker,CLE,QB,,4.8,,
Cam Sims,NYG,WR,,10.4,,
Josiah Deguara,GB,TE,,23.4,,
Dalvin Cook,NYJ,RB,81.5,132.0,30,82.0
Cameron Latu,SF,TE,,7.8,,
DK Metcalf,SEA,WR,30.5,145.6,16,29.0
Deshaun Watson,CLE,QB,85.0,311.8,9,86.0
Britain Covey,PHI,WR,,18.7,,
Shane Zylstra,DET,TE,,7.8,,
Leonard Fournette,,RB,221.5,,70,221.0
Gabe Davis,BUF,WR,78.8,121.1,36,79.0
Jauan Jennings,SF,WR,265.0,34.9,123,324.0
New Orleans Saints,DST,DST,198.0,106.3,9,287.0
AJ Dillon,GB,RB,97.8,133.0,35,98.0
Kyle Pitts,ATL,TE,75.5,102.6,6,74.0
Michael Gallup,DAL,WR,160.5,93.5,67,161.0
Erik Ezukanma,MIA,WR,465.0,12.1,183,502.0
Will Mallory,IND,TE,342.0,13.8,63,390.0
Jason Sanders,MIA,K,,114.8,,
C.J. Stroud,HOU,QB,193.5,227.4,29,190.0
Jaelon Darden,CLE,WR,,2.5,,
Trent Sherfield,BUF,WR,290.7,31.5,113,271.0
Geoff Swaim,ARI,TE,,14.6,,
Cole Kmet,CHI,TE,147.3,77.0,17,148.0
Tennessee Titans,DST,DST,261.0,98.9,25,321.0
Lawrence Cager,NYG,WR,,20.1,,
Los Angeles Rams,DST,DST,282.0,98.0,29,335.0
Stone Smartt,LAC,TE,,11.5,,
Jimmy Garoppolo,LV,QB,189.5,234.6,27,185.0
Melvin Gordon III,BAL,RB,333.0,26.7,95,343.0
Jerry Jeudy,DEN,WR,66.3,124.5,32,68.0
Brayden Lenius,,TE,390.0,,74,441.0
Tyler Badie,DEN,RB,,19.2,,
Johnny Mundt,MIN,TE,,11.0,,
Jake Haener,NO,QB,,3.8,,
Javonte Williams,DEN,RB,59.5,144.2,21,61.0
Mitchell Tinsley,WAS,WR,,3.6,,
Tank Dell,HOU,WR,196.8,52.2,79,197.0
Chase McLaughlin,TB,K,,103.6,,
Ryan Tannehill,TEN,QB,192.8,223.1,28,188.0
Tanner Hudson,CIN,TE,,11.4,,
Tee Higgins,CIN,WR,28.5,148.6,15,27.0
Courtland Sutton,DEN,WR,86.3,110.5,40,87.0
Jason Cabinda,DET,LB,,8.2,,
Amari Cooper,CLE,WR,36.3,146.4,19,37.0
Davante Adams,LV,WR,16.3,179.8,10,17.0
Isaiah Hodgins,NYG,WR,185.8,74.3,74,179.0
Logan Thomas,WAS,TE,254.8,52.7,35,232.0
Josh Reynolds,DET,WR,247.7,55.2,97,239.0
K.J. Osborn,MIN,WR,152.0,83.3,62,150.0
Will Grier,CIN,QB,462.0,,68,499.0
Randall Cobb,NYJ,WR,268.3,46.1,105,253.0
Zach Ertz,ARI,TE,218.8,57.3,31,217.0
Donovan Peoples-Jones,CLE,WR,158.8,81.3,65,157.0
San Francisco 49ers,DST,DST,156.0,108.2,1,275.0
Tucker Kraft,GB,TE,353.5,22.6,59,380.0
Hunter Long,LAR,TE,,16.6,,
Kirk Cousins,MIN,QB,103.0,300.9,13,102.0
Andy Isabella,BUF,WR,,4.7,,
Teagan Quitoriano,HOU,TE,,22.1,,
Keith Kirkwood,NO,WR,,11.7,,
Darnell Mooney,CHI,WR,144.3,92.0,61,145.0
Elijah Dotson,LAC,RB,362.0,11.3,113,414.0
Quez Watkins,PHI,WR,281.3,36.9,109,263.0
Jack Stoll,PHI,TE,,12.7,,
Jakobi Meyers,LV,WR,130.3,97.4,54,129.0
Jarrett Stidham,DEN,QB,433.0,21.0,60,476.0
Le'Veon Bell,,RB,394.0,,118,444.0
Kyle Philips,TEN,WR,409.0,26.8,169,456.0
Drew Lock,SEA,QB,348.0,17.5,51,393.0
Patrick Taylor Jr.,GB,RB,452.0,6.6,129,492.0
Jake Elliott,PHI,K,,118.5,,
Aidan O'Connell,LV,QB,302.5,14.8,38,310.0
Michael Badgley,DET,K,,108.4,,
Keaontay Ingram,ARI,RB,240.0,56.2,72,229.0
Israel Abanikanda,NYJ,RB,295.0,19.3,88,298.0
New York Giants,DST,DST,250.0,99.0,23,318.0
Colby Parkinson,SEA,TE,416.0,23.0,78,463.0
Parker Washington,JAC,WR,,16.3,,
Dorian Thompson-Robinson,CLE,QB,327.0,16.8,46,373.0
Justin Watson,KC,WR,276.0,22.5,116,281.0
Logan Woodside,ATL,QB,,5.9,,
Bailey Zappe,NE,QB,344.0,32.4,50,392.0
Derrick Henry,TEN,RB,20.5,226.2,7,20.0
Terrace Marshall Jr.,CAR,WR,245.0,48.5,96,238.0
Darnell Washington,PIT,TE,290.5,22.1,43,291.0
Garrett Wilson,NYJ,WR,14.8,157.5,9,15.0
Ja'Marr Chase,CIN,WR,2.3,202.1,2,2.0
Josh Allen,BUF,QB,23.8,381.6,3,25.0
Jalen Reagor,NE,WR,,8.4,,
Derius Davis,LAC,WR,318.0,16.0,136,365.0
Chris Moore,TEN,WR,374.0,26.6,156,427.0
Jared Goff,DET,QB,117.0,279.5,16,117.0
Samaje Perine,DEN,RB,112.3,120.6,38,111.0
Godwin Igwebuike,ATL,RB,,7.4,,
Josh Doctson,,WR,360.0,,149,409.0
Adam Thielen,CAR,WR,141.0,88.9,59,141.0
Tutu Atwell,LAR,WR,257.0,48.0,103,249.0
Travis Vokolek,BAL,TE,350.0,,64,395.0
Jerick McKinnon,KC,RB,120.8,83.3,40,119.0
Gerald Everett,LAC,TE,153.3,74.2,18,152.0
Ashton Dulin,IND,WR,,8.7,,
Alexander Mattison,MIN,RB,58.3,172.5,20,60.0
Alex Bachman,HOU,WR,,4.8,,
Zonovan Knight,DET,RB,,26.7,,
Nick Vannett,LAC,TE,,6.5,,
Rhamondre Stevenson,NE,RB,31.5,176.1,9,30.0
Easton Stick,LAC,QB,,18.7,,
Christian Watson,GB,WR,45.0,147.4,21,42.0
Kyle Trask,TB,QB,326.5,63.1,42,332.0
Jeff Wilson Jr.,MIA,RB,180.3,76.0,56,175.0
Reggie Gilliam,BUF,RB,,10.6,,
Jonathan Taylor,IND,RB,51.3,150.8,18,52.0
Arizona Cardinals,DST,DST,340.0,95.2,32,387.0
Colt McCoy,,QB,268.0,,40,326.0
Colton Dowell,TEN,WR,,3.1,,
Stefon Diggs,BUF,WR,8.5,178.9,4,8.0
Adam Prentice,NO,RB,,4.5,,
Baltimore Ravens,DST,DST,190.0,101.9,8,285.0
Jalen Tolbert,DAL,WR,285.0,18.9,117,286.0
Ty Chandler,MIN,RB,196.0,61.0,63,194.0
Mike Strachan,IND,WR,,3.5,,
Jordan Mason,SF,RB,291.5,32.8,86,292.0
Skylar Thompson,MIA,QB,354.0,5.9,54,401.0
Jalen Nailor,MIN,WR,383.0,15.0,160,434.0
Tony Jones Jr.,NO,RB,,5.0,,
Boston Scott,PHI,RB,319.5,23.7,91,322.0
Kenny McIntosh,SEA,RB,348.5,16.2,101,364.0
Zamir White,LV,RB,195.3,36.9,62,192.0
Chris Boswell,PIT,K,,113.3,,
Kenny Pickett,PIT,QB,135.5,253.3,19,134.0
Marcus Mariota,PHI,QB,356.5,24.0,48,383.0
Aaron Rodgers,NYJ,QB,117.0,282.7,17,118.0
Ian Thomas,CAR,TE,,20.9,,
Keaton Mitchell,BAL,RB,428.0,13.0,126,472.0
Mike Boone,HOU,RB,351.0,22.7,107,396.0
Isiah Pacheco,KC,RB,84.5,156.6,31,85.0
KhaDarel Hodge,ATL,WR,375.0,24.5,157,428.0
Evan Engram,JAC,TE,95.5,87.5,8,94.0
Ross Dwelley,SF,TE,382.0,13.9,70,433.0
Jaylen Warren,PIT,RB,111.3,91.6,37,110.0
Indianapolis Colts,DST,DST,235.0,105.0,20,314.0
Luke Stocker,,TE,388.0,,73,439.0
Simi Fehoko,,WR,395.0,,163,445.0
Jaleel McLaughlin,DEN,RB,293.5,33.4,87,296.0
River Cracraft,MIA,WR,,15.2,,
Brandon Powell,MIN,WR,,16.5,,
Allen Robinson II,PIT,WR,230.0,62.2,93,235.0
Allen Lazard,NYJ,WR,130.3,98.2,55,130.0
Joe Burrow,CIN,QB,42.3,350.5,5,40.0
Zander Horvath,PIT,RB,,1.2,,
Kendrick Bourne,NE,WR,255.0,76.4,102,246.0
Tyjae Spears,TEN,RB,154.5,68.3,51,154.0
CJ Verdell,,RB,356.0,,109,405.0
Marquez Valdes-Scantling,KC,WR,163.3,91.4,68,162.0
Trevor Lawrence,JAC,QB,58.0,300.6,8,58.0
Cameron Dicker,LAC,K,,120.6,,
Joseph Ngata,PHI,WR,,3.3,,
JuJu Smith-Schuster,NE,WR,114.0,102.5,50,113.0
D'Ernest Johnson,JAC,RB,339.0,19.1,98,354.0
Steven Sims Jr.,HOU,WR,,11.2,,
Ty Montgomery II,NE,RB,389.0,13.7,117,440.0
Ke'Shawn Vaughn,TB,RB,411.0,32.9,122,458.0
Brevin Jordan,HOU,TE,,19.5,,
Minnesota Vikings,DST,DST,276.0,102.5,26,331.0
Tre'Quan Smith,NO,WR,414.0,16.0,170,461.0
Tyler Boyd,CIN,WR,133.0,95.2,56,131.0
David Moore,TB,WR,,3.4,,
DeVante Parker,NE,WR,205.8,89.8,82,204.0
Jack Colletto,SF,RB,,3.9,,
Velus Jones Jr.,CHI,WR,443.0,17.3,176,484.0
Tyson Bagent,CHI,QB,,16.8,,
Tommy Sweeney,NYG,TE,,6.0,,
A.J. Brown,PHI,WR,11.8,172.0,6,11.0
Gary Jennings Jr.,,WR,448.0,,178,488.0
Buffalo Bills,DST,DST,180.0,105.1,5,282.0
Rico Dowdle,DAL,RB,241.0,36.0,73,230.0
Albert Okwuegbunam,PHI,TE,294.5,16.8,44,297.0
Brett Maher,LAR,K,,109.0,,
Brock Wright,DET,TE,422.0,29.7,81,467.0
Jonathan Mingo,CAR,WR,165.3,87.6,69,164.0
Demetric Felton Jr.,CIN,RB,,8.9,,
Tylan Wallace,BAL,WR,,3.5,,
James Cook,BUF,RB,62.0,148.5,22,63.0
Mike White,MIA,QB,282.7,32.0,34,264.0
Kaden Smith,WAS,TE,400.0,8.5,75,449.0
Giovanni Ricci,CAR,TE,,9.9,,
Dawson Knox,BUF,TE,188.3,62.1,23,182.0
Cole Turner,WAS,TE,255.0,11.3,36,247.0
Dyami Brown,WAS,WR,277.3,34.4,107,260.0
Joshua Kelley,LAC,RB,210.5,65.2,67,208.0
Dak Prescott,DAL,QB,96.3,302.0,11,95.0
Elijah Cooks,JAC,WR,466.0,3.6,184,503.0
Chris Evans,CIN,RB,253.7,27.3,76,244.0
Jaylen Waddle,MIA,WR,20.0,160.9,11,19.0
Chris Brooks,MIA,RB,,5.9,,
Noah Brown,HOU,WR,385.5,33.8,152,418.0
Seth Williams,JAC,WR,,4.1,,
Myles Gaskin,MIN,RB,243.5,34.9,82,270.0
Miles Sanders,CAR,RB,65.3,161.0,23,65.0
David Montgomery,DET,RB,78.5,149.3,28,78.0
Luke Schoonmaker,DAL,TE,275.3,31.9,39,258.0
Jalin Hyatt,NYG,WR,166.3,55.0,70,165.0
Rashaad Penny,PHI,RB,121.5,107.8,41,120.0
Khalil Shakir,BUF,WR,243.7,45.9,94,236.0
Devin Singletary,HOU,RB,164.0,84.2,52,163.0
Cordarrelle Patterson,ATL,RB,218.8,64.4,68,216.0
Bijan Robinson,ATL,RB,8.0,216.0,3,7.0
Will Levis,TEN,QB,307.5,35.8,39,315.0
Pittsburgh Steelers,DST,DST,186.0,108.5,7,284.0
Justin Tucker,BAL,K,,124.2,,
Byron Pringle,WAS,WR,,15.0,,
Kristian Wilkerson,LV,WR,,3.5,,
Emanuel Wilson,GB,RB,,17.2,,
Chigoziem Okonkwo,TEN,TE,143.5,81.9,16,143.0
Brayden Willis,SF,TE,,7.8,,
Emari Demercado,ARI,RB,,30.2,,
Taysom Hill,NO,TE,212.5,56.5,29,211.0
Easop Winston Jr.,SEA,WR,,6.8,,
Calvin Ridley,JAC,WR,25.8,142.6,14,26.0
John Raine,,TE,403.0,,76,452.0
Kameron Brown,,WR,355.0,,145,403.0
Tyler Johnson,LAR,WR,356.0,,146,404.0
C.J. Ham,MIN,RB,,11.0,,
Brandin Cooks,DAL,WR,88.3,113.5,41,88.0
Rachaad White,TB,RB,73.0,151.3,25,71.0
Brock Purdy,SF,QB,153.0,249.6,22,151.0
Michael Wilson,ARI,WR,214.3,52.2,85,212.0
Cody Thompson,SEA,WR,,8.2,,
Ko Kieft,TB,TE,,17.3,,
Julian Hill,MIA,TE,,11.9,,
Kayshon Boutte,NE,WR,299.5,33.7,118,305.0
Keenan Allen,LAC,WR,35.5,135.0,18,36.0
Najee Harris,PIT,RB,34.8,179.4,11,33.0
Younghoe Koo,ATL,K,,119.0,,
Antonio Gibson,WAS,RB,94.0,118.0,33,93.0
Ronnie Rivers,LAR,RB,,8.7,,
John FitzPatrick,ATL,TE,,9.1,,
Jelani Woods,IND,TE,257.7,43.7,37,250.0
Justin Herbert,LAC,QB,46.0,321.5,7,43.0
George Kittle,SF,TE,66.0,113.8,5,67.0
Justyn Ross,KC,WR,211.8,23.4,84,210.0
Chris Rodriguez Jr.,WAS,RB,335.0,29.5,96,346.0
Tyler Lockett,SEA,WR,63.5,125.6,30,64.0
Jordan Love,GB,QB,145.3,252.8,21,146.0
Justin Jefferson,MIN,WR,1.0,206.5,1,1.0
Grant Calcaterra,PHI,TE,,8.2,,
Cam Akers,LAR,RB,69.5,156.4,24,69.0
Matt Prater,ARI,K,,110.0,,
Jared Cook,,TE,329.0,,58,377.0
Jameis Winston,NO,QB,349.5,18.3,45,367.0
Brandon Aiyuk,SF,WR,55.8,125.6,25,53.0
Noah Gray,KC,TE,286.3,31.5,42,269.0
Blake Bell,KC,TE,,18.8,,
Khalil Herbert,CHI,RB,88.5,133.8,32,89.0
Tre' McKitty,LAC,TE,442.0,14.8,84,483.0
Ben Skowronek,LAR,WR,365.0,46.6,151,417.0
Jake Bobo,SEA,WR,299.5,4.8,119,306.0
Deven Thompkins,TB,WR,,28.3,,
Michael Burton,DEN,RB,,4.2,,
Sean McKeon,DAL,TE,,3.6,,
Dustin Hopkins,CLE,K,,116.7,,
Evan Hull,IND,RB,218.8,45.0,69,218.0
Tre Nixon,NE,WR,,18.1,,
Josh Downs,IND,WR,221.5,47.0,89,222.0
Marquez Callaway,LV,WR,339.0,39.3,139,385.0
Brian Robinson Jr.,WAS,RB,96.3,130.8,34,96.0
Wan'Dale Robinson,NYG,WR,223.8,60.1,90,223.0
Jimmy Graham,NO,TE,299.5,20.5,45,304.0
Sam Ehlinger,IND,QB,,1.7,,
Irv Smith Jr.,CIN,TE,170.8,65.3,22,170.0
Cade Johnson,SEA,WR,,23.3,,
Isaiah Likely,BAL,TE,216.5,42.8,30,214.0
Trey Lance,DAL,QB,271.0,18.3,35,277.0
Jaxon Smith-Njigba,SEA,WR,83.0,103.3,39,84.0
Sterling Shepard,NYG,WR,286.3,47.2,112,268.0
Travis Kelce,KC,TE,5.5,182.2,1,6.0
Josh Ali,ATL,WR,424.0,6.6,174,469.0
Blake Whiteheart,ARI,TE,,4.2,,
Kearis Jackson,TEN,WR,,3.6,,
Gardner Minshew II,IND,QB,324.0,38.3,41,330.0
Jake Burt,,TE,361.0,,65,411.0
Brandon Bolden,LV,RB,,19.2,,
Kenny Golladay,,WR,355.0,,144,402.0
Nick Bellore,SEA,LB,,3.1,,
Charlie Jones,CIN,WR,340.0,26.1,140,388.0
Julius Chestnut,TEN,RB,406.0,20.3,120,454.0
Atlanta Falcons,DST,DST,281.0,96.7,28,334.0
Geno Smith,SEA,QB,108.8,296.5,15,107.0
Jacksonville Jaguars,DST,DST,202.0,99.5,10,288.0
Amari Rodgers,IND,WR,,18.1,,
Mike Williams,LAC,WR,47.8,135.4,23,48.0
Aaron Jones,GB,RB,46.8,185.2,15,45.0
Nick Bawden,NYJ,RB,,1.2,,
Sam Darnold,SF,QB,268.7,40.2,33,254.0
Denver Broncos,DST,DST,210.0,98.4,13,295.0
Lamar Jackson,BAL,QB,33.0,351.0,4,32.0
Antoine Green,DET,WR,381.0,8.2,159,432.0
Jason Huntley,IND,RB,,15.7,,
Baker Mayfield,TB,QB,215.5,201.2,32,213.0
Eric Gray,NYG,RB,350.0,29.3,103,368.0
Tom Brady,,QB,351.5,,47,374.0
Brandon McManus,JAC,K,,117.7,,
Andrei Iosivas,CIN,WR,314.5,11.8,121,319.0
Mack Hollins,ATL,WR,244.7,66.7,95,237.0
Ben Sims,GB,TE,,16.6,,
Tyler Kroft,MIA,TE,,13.6,,
Armani Rogers,WAS,TE,,7.0,,
Ka'imi Fairbairn,HOU,K,,111.6,,
Kansas City Chiefs,DST,DST,208.0,104.7,12,293.0
Trey McBride,ARI,TE,224.5,50.1,33,226.0
Deonte Harty,BUF,WR,249.0,38.1,98,240.0
Matt Corral,NE,QB,,15.2,,
New England Patriots,DST,DST,176.0,110.4,4,280.0
Tyler Conklin,NYJ,TE,196.3,57.8,25,195.0
Quintez Cephus,DET,WR,,3.1,,
Noah Fant,SEA,TE,224.3,64.7,32,225.0
Durham Smythe,MIA,TE,285.3,32.9,41,267.0
Patrick Ricard,BAL,RB,288.0,7.3,94,338.0
Hunter Luepke,DAL,RB,440.0,9.4,127,482.0
Ronald Jones II,DAL,RB,351.0,34.2,104,370.0
Connor Heyward,PIT,TE,316.0,18.0,54,362.0
Chris Manhertz,DEN,TE,,10.5,,
Kendre Miller,NO,RB,169.0,66.6,53,167.0
Tyler Higbee,LAR,TE,133.0,76.9,13,132.0
Stanley Morgan Jr.,CIN,WR,,3.9,,
Cade Otton,TB,TE,229.5,61.3,34,227.0
Ray-Ray McCloud III,SF,WR,,12.5,,
Davis Allen,LAR,TE,378.0,14.3,69,430.0
Gunner Olszewski,PIT,WR,,10.5,,
Kevin Rader,TEN,TE,,3.3,,
Dalton Schultz,HOU,TE,128.5,80.9,12,127.0
Andrew Ogletree,IND,TE,326.0,7.3,55,369.0
T.J. Hockenson,MIN,TE,48.0,117.7,3,49.0
Nick Folk,TEN,K,,115.3,,
